timeOfDay,cycle_number,current,voltage,temp
0:00:00,1,23.55,10.58,0
0:01:00,1,23.42,9.38,2
0:02:00,1,24.6,10.9,4
0:03:00,1,24.85,10.21,6
0:04:00,1,22.02,9.45,8
0:05:00,1,23.43,9.44,10
0:06:00,1,25.5,9.34,12
0:07:00,2,23.86,9.91,14
0:08:00,2,23.62,9.47,16
0:09:00,2,25.87,9.14,18
0:10:00,2,22.67,9.47,20
0:11:00,3,22.48,9.82,22
0:12:00,3,24.09,9.07,24
0:13:00,3,23.79,10.57,26
0:14:00,3,24.87,10.71,28
0:15:00,4,23.51,10.6,30
0:16:00,4,23.53,10.61,32
0:17:00,4,25.06,10.84,34
0:18:00,4,22.75,9.73,36
0:19:00,5,25.7,9.1,38
0:20:00,5,25.96,10.79,40
0:21:00,5,25.77,9.42,42
0:22:00,5,23.73,9.22,44
0:23:00,6,23.73,10.25,46
0:24:00,6,23,9.5,48
0:25:00,6,25.32,10.33,50
0:26:00,6,24.62,10.82,52
0:27:00,7,23.34,9.9,54
0:28:00,7,24.95,9.91,56
0:29:00,7,24.48,10.92,58
0:30:00,7,22.69,10.92,60
0:31:00,8,25.01,9.44,62
0:32:00,8,23.73,9.47,64
0:33:00,8,25.96,9.23,66
0:34:00,8,24.82,10.31,68
0:35:00,9,25.45,9.85,70
0:36:00,9,25.42,9.26,72
0:37:00,9,22.08,9.48,74
0:38:00,9,23.08,9.26,76
0:39:00,10,25.53,9.17,78
0:40:00,10,22.5,9.93,80
0:41:00,10,22.6,9.32,78
0:42:00,10,22.88,9.47,76
0:43:00,11,25.13,11,74
0:44:00,11,23.94,10.24,72
0:45:00,11,22.7,9.51,70
0:46:00,11,25.5,9.97,68
0:47:00,12,24.21,9.05,66
0:48:00,12,24.95,9.13,64
0:49:00,12,24.4,9.89,62
0:50:00,12,22.71,9.3,60
0:51:00,13,24.46,10.07,58
0:52:00,13,23.83,10.41,56
0:53:00,13,24.25,9.49,54
0:54:00,13,25.75,9.08,52
0:55:00,14,22.37,10.63,50
0:56:00,14,25.76,9.85,48
0:57:00,14,23.81,9.66,46
0:58:00,14,22.62,9.72,44
0:59:00,15,22.06,10.07,42
1:00:00,15,25.22,9.68,40
1:01:00,15,24.52,10.27,38
1:02:00,15,22.58,10.6,36
1:03:00,16,24.53,9.47,34
1:04:00,16,22.41,9.2,32
1:05:00,16,25.98,10.63,30
1:06:00,16,25.21,10.51,28
1:07:00,17,24.73,10.25,26
1:08:00,17,24.07,9.84,24
1:09:00,17,25.39,9.25,22
1:10:00,17,22.67,10.9,20
1:11:00,18,24.61,10.9,18
1:12:00,18,23.66,10.12,16
1:13:00,18,22.2,10.44,14
1:14:00,18,23.04,10.35,12
1:15:00,19,22.14,10.86,10
1:16:00,19,22.78,9.97,8
1:17:00,19,25.5,10.73,6
1:18:00,19,24.52,10.54,4
1:19:00,20,23.14,10.63,2
1:20:00,20,24.49,9.85,0
1:21:00,20,25.35,9.19,2
1:22:00,20,24.01,10.62,4
1:23:00,21,23.26,10.95,6
1:24:00,21,25,10.46,8
1:25:00,21,23.75,10.05,10
1:26:00,21,25.37,9.26,12
1:27:00,22,23.58,10.47,14
1:28:00,22,23.22,9.77,16
1:29:00,22,23.62,10.42,18
1:30:00,22,24.98,10,20
1:31:00,23,24.59,10.79,22
1:32:00,23,24.92,9.47,24
1:33:00,23,23.49,9.4,26
1:34:00,23,23.43,10.94,28
1:35:00,24,25.59,9.52,30
1:36:00,24,24.3,10.72,32
1:37:00,24,22.1,9.65,34
1:38:00,24,25.47,10.57,36
1:39:00,25,24.99,9.39,38
1:40:00,25,24.93,9.84,40
1:41:00,25,22.04,10.68,42
1:42:00,25,25.57,10.52,44
1:43:00,26,22.75,10.21,46
1:44:00,26,24.52,9.7,48
1:45:00,26,25.61,9.15,50
1:46:00,26,22.07,10.99,52
1:47:00,27,25.57,10.08,54
1:48:00,27,23.95,10.53,56
1:49:00,27,23.8,10.26,58
1:50:00,27,22.19,9.27,60
1:51:00,28,24.66,9.17,62
1:52:00,28,25.08,9.53,64
1:53:00,28,22.42,10.51,66
1:54:00,28,25.07,10.54,68
1:55:00,29,24.51,10.69,70
1:56:00,29,22.28,9.24,72
1:57:00,29,23.47,10.95,74
1:58:00,29,24.78,10.54,76
1:59:00,30,23.38,9.09,78
2:00:00,30,23.85,-9.04,80
2:01:00,30,24.78,-10.1,78
2:02:00,30,22.84,-10.07,76
2:03:00,31,24.67,-10.25,74
2:04:00,31,22.02,-10.02,72
2:05:00,31,25.06,-10.18,70
2:06:00,31,23.66,-10.34,68
2:07:00,32,23.59,-9.76,66
2:08:00,32,23.24,-10.24,64
2:09:00,32,22.19,-10.21,62
2:10:00,32,25.59,-10.94,60
2:11:00,33,22.5,-9.59,58
2:12:00,33,22.7,-10.1,56
2:13:00,33,24.13,-10.55,54
2:14:00,33,22.41,-10.49,52
2:15:00,34,23.24,-10.36,50
2:16:00,34,22.56,-10.35,48
2:17:00,34,24.71,-10.82,46
2:18:00,34,22.67,-9.24,44
2:19:00,35,24.88,-9.7,42
2:20:00,35,24.45,-10.84,40
2:21:00,35,25.58,-10.29,38
2:22:00,35,25.32,-10.95,36
2:23:00,36,22.21,-10.07,34
2:24:00,36,24.44,-10.22,32
2:25:00,36,23.05,-9.89,30
2:26:00,36,23.3,-10.63,28
2:27:00,37,22.95,-10.28,26
2:28:00,37,23.64,-10.42,24
2:29:00,37,25.61,-10.7,22
2:30:00,37,23.18,-10.04,20
2:31:00,38,22.38,-9.34,18
2:32:00,38,22.05,-10.08,16
2:33:00,38,25.33,-9.85,14
2:34:00,38,25.72,-10.95,12
2:35:00,39,24.6,-10.9,10
2:36:00,39,24.31,-9.25,8
2:37:00,39,23.11,-10.93,6
2:38:00,39,25.13,-9.58,4
2:39:00,40,22.54,-10.76,2
2:40:00,40,23.99,-10.78,0
2:41:00,40,25.31,-9.73,2
2:42:00,40,25.31,-9.66,4
2:43:00,41,25.59,-9.32,6
2:44:00,41,23.47,-10.83,8
2:45:00,41,23.66,-10.85,10
2:46:00,41,25.71,-9.59,12
2:47:00,42,24.5,-9.37,14
2:48:00,42,22.54,-9.56,16
2:49:00,42,24.56,-9.99,18
2:50:00,42,24.99,-10.54,20
2:51:00,43,23.09,-9.21,22
2:52:00,43,23.64,-9.24,24
2:53:00,43,23.19,-9.06,26
2:54:00,43,24.36,-10.59,28
2:55:00,44,22.97,-9.44,30
2:56:00,44,22.74,-10.46,32
2:57:00,44,22.84,-9.43,34
2:58:00,44,25.5,-10.93,36
2:59:00,45,24.36,-10.13,38
3:00:00,45,23.27,-9.97,40
3:01:00,45,22.84,-9.01,42
3:02:00,45,23.71,-9.79,44
3:03:00,46,22.56,-10.78,46
3:04:00,46,25.59,-10.57,48
3:05:00,46,25.49,-10.04,50
3:06:00,46,24,-9.67,52
3:07:00,47,23.1,-10.77,54
3:08:00,47,25.89,-9.76,56
3:09:00,47,24.55,-10.94,58
3:10:00,47,22.53,-10.59,60
3:11:00,48,23.19,-10.68,62
3:12:00,48,23.03,-10.31,64
3:13:00,48,22.22,-10.32,66
3:14:00,48,25.57,-10.37,68
3:15:00,49,24.18,-10.01,70
3:16:00,49,25.81,-10.91,72
3:17:00,49,24.8,-9.7,74
3:18:00,49,25.77,-9.35,76
3:19:00,50,22.4,-10.93,78
3:20:00,50,22.36,-9.41,80
3:21:00,50,25.72,-9.07,78
3:22:00,50,25.14,-10.62,76
3:23:00,50,22.57,-9.73,74
3:24:00,50,24.05,-10.49,72
3:25:00,50,25.67,-9.66,70
3:26:00,51,23.47,-10.67,68
3:27:00,51,25.46,-10.25,66
3:28:00,51,24.59,-9.63,64
3:29:00,51,25.44,-10,62
3:30:00,52,25.52,-10.72,60
3:31:00,52,25.85,-10.88,58
3:32:00,52,24.92,-9.74,56
3:33:00,52,23.5,-9.38,54
3:34:00,53,24.37,-9.24,52
3:35:00,53,23.94,-9.1,50
3:36:00,53,22.38,-10.15,48
3:37:00,53,22.54,-9.99,46
3:38:00,54,24.76,-10.63,44
3:39:00,54,24.84,-10.54,42
3:40:00,54,22.22,-10.78,40
3:41:00,54,24.06,-9.01,38
3:42:00,55,23.34,-9.81,36
3:43:00,55,22.39,-9.43,34
3:44:00,55,22.85,-10.55,32
3:45:00,55,23.2,-9.87,30
3:46:00,56,24.83,-9.97,28
3:47:00,56,24.92,-10.16,26
3:48:00,56,23.15,-10.96,24
3:49:00,56,23.29,-9.34,22
3:50:00,57,22.73,-10.18,20
3:51:00,57,23.15,-9.36,18
3:52:00,57,25.54,-9.03,16
3:53:00,57,25.3,-10.36,14
3:54:00,58,22.87,-10.15,12
3:55:00,58,24.34,-10.97,10
3:56:00,58,25.32,-9.46,8
3:57:00,58,24.39,-10.1,6
3:58:00,59,22.4,-9.8,4
3:59:00,59,24.59,-10.88,2
4:00:00,59,23.72,10.02,0
4:01:00,59,23.47,9.06,2
4:02:00,60,24.16,9.48,4
4:03:00,60,22.4,9.37,6
4:04:00,60,22.86,9.27,8
4:05:00,60,25.61,10.39,10
4:06:00,61,25.21,10.27,12
4:07:00,61,24.71,10.61,14
4:08:00,61,23.36,9.2,16
4:09:00,61,25.6,9.71,18
4:10:00,62,25.38,9.21,20
4:11:00,62,25.45,9.11,22
4:12:00,62,24.7,10.71,24
4:13:00,62,24.13,9.31,26
4:14:00,63,22.27,10.54,28
4:15:00,63,23,9.4,30
4:16:00,63,23.11,10.02,32
4:17:00,63,22.01,10.6,34
4:18:00,64,24.52,9.71,36
4:19:00,64,24.22,9.86,38
4:20:00,64,24.07,9.33,40
4:21:00,64,25.65,10.03,42
4:22:00,65,25.68,9.02,44
4:23:00,65,25.57,10.44,46
4:24:00,65,22.06,10.64,48
4:25:00,65,23.41,10.08,50
4:26:00,66,25.26,9.25,52
4:27:00,66,22.15,9.41,54
4:28:00,66,24.02,9.31,56
4:29:00,66,24.45,9.84,58
4:30:00,67,23.85,10.85,60
4:31:00,67,23.87,9.2,62
4:32:00,67,25.72,10.36,64
4:33:00,67,22.18,9.62,66
4:34:00,68,24.05,9.64,68
4:35:00,68,24.43,9.42,70
4:36:00,68,25.58,9.68,72
4:37:00,68,24.19,9.12,74
4:38:00,69,25.19,9.83,76
4:39:00,69,25.71,9.42,78
4:40:00,69,23.24,9.48,80
4:41:00,69,23.49,9.33,78
4:42:00,70,24.47,10.53,76
4:43:00,70,24.14,10.6,74
4:44:00,70,25.78,10.55,72
4:45:00,70,25.83,10.58,70
4:46:00,71,22.57,10.84,68
4:47:00,71,22.3,9.9,66
4:48:00,71,25.16,10.05,64
4:49:00,71,22.92,10.95,62
4:50:00,72,24.22,10.29,60
4:51:00,72,25.62,9.78,58
4:52:00,72,22.48,10.19,56
4:53:00,72,23.59,10.2,54
4:54:00,73,25.73,9.76,52
4:55:00,73,24.74,10.44,50
4:56:00,73,25.58,10.69,48
4:57:00,73,22.7,9.48,46
4:58:00,74,23.62,10.36,44
4:59:00,74,25.97,9.71,42
5:00:00,74,22.89,9.14,40
5:01:00,74,24.81,10.76,38
5:02:00,75,25.58,10.24,36
5:03:00,75,23.37,10.15,34
5:04:00,75,25.45,10.47,32
5:05:00,75,23.96,10.33,30
5:06:00,76,22.68,9.44,28
5:07:00,76,23.46,10.53,26
5:08:00,76,22.27,10.57,24
5:09:00,76,25.61,10.9,22
5:10:00,77,24.28,10.16,20
5:11:00,77,22.63,9.98,18
5:12:00,77,22.83,9.87,16
5:13:00,77,23.69,9.79,14
5:14:00,78,22.98,9.96,12
5:15:00,78,25.46,10.69,10
5:16:00,78,25.4,10.65,8
5:17:00,78,22.83,9.34,6
5:18:00,79,23.24,10.37,4
5:19:00,79,23.17,10.67,2
5:20:00,79,23.92,10.08,0
5:21:00,79,25.25,9.61,2
5:22:00,80,24.26,9.36,4
5:23:00,80,23.6,10.76,6
5:24:00,80,25.11,10.46,8
5:25:00,80,24.41,9.91,10
5:26:00,81,24.83,10.31,12
5:27:00,81,23.41,10.85,14
5:28:00,81,22.09,9.24,16
5:29:00,81,23.07,10.58,18
5:30:00,82,25.87,10.1,20
5:31:00,82,23.29,9.13,22
5:32:00,82,24.85,10.68,24
5:33:00,82,24.05,9.65,26
5:34:00,83,24.7,9.99,28
5:35:00,83,22.67,9.21,30
5:36:00,83,24.33,10.23,32
5:37:00,83,25.23,10.85,34
5:38:00,84,22.49,10.32,36
5:39:00,84,25.71,9.93,38
5:40:00,84,25.63,10.05,40
5:41:00,84,24.34,10.01,42
5:42:00,85,24.96,10.25,44
5:43:00,85,23.68,10.34,46
5:44:00,85,23.56,10.61,48
5:45:00,85,23.41,10.71,50
5:46:00,86,24.96,10.04,52
5:47:00,86,24.22,9.04,54
5:48:00,86,23.25,10.08,56
5:49:00,86,22.18,9.81,58
5:50:00,87,22.64,9.4,60
5:51:00,87,25.47,9.22,62
5:52:00,87,22.7,9.33,64
5:53:00,87,25.77,9.98,66
5:54:00,88,24.42,9.17,68
5:55:00,88,23.12,10.8,70
5:56:00,88,22.64,10.42,72
5:57:00,88,24.23,9.19,74
5:58:00,89,25.4,10.69,76
5:59:00,89,24.92,9.57,78
6:00:00,89,23.55,10.58,0
6:01:00,89,23.42,9.38,2
6:02:00,90,24.6,10.9,4
6:03:00,90,24.85,10.21,6
6:04:00,90,22.02,9.45,8
6:05:00,90,23.43,9.44,10
6:06:00,91,25.5,9.34,12
6:07:00,91,23.86,9.91,14
6:08:00,91,23.62,9.47,16
6:09:00,91,25.87,9.14,18
6:10:00,92,22.67,9.47,20
6:11:00,92,22.48,9.82,22
6:12:00,92,24.09,9.07,24
6:13:00,92,23.79,10.57,26
6:14:00,93,24.87,10.71,28
6:15:00,93,23.51,10.6,30
6:16:00,93,23.53,10.61,32
6:17:00,93,25.06,10.84,34
6:18:00,94,22.75,9.73,36
6:19:00,94,25.7,9.1,38
6:20:00,94,25.96,10.79,40
6:21:00,94,25.77,9.42,42
6:22:00,95,23.73,9.22,44
6:23:00,95,23.73,10.25,46
6:24:00,95,23,9.5,48
6:25:00,95,25.32,10.33,50
6:26:00,96,24.62,10.82,52
6:27:00,96,23.34,9.9,54
6:28:00,96,24.95,9.91,56
6:29:00,96,24.48,10.92,58
6:30:00,97,22.69,10.92,60
6:31:00,97,25.01,9.44,62
6:32:00,97,23.73,9.47,64
6:33:00,97,25.96,9.23,66
6:34:00,98,24.82,10.31,68
6:35:00,98,25.45,9.85,70
6:36:00,98,25.42,9.26,72
6:37:00,98,22.08,9.48,74
6:38:00,99,23.08,9.26,76
6:39:00,99,25.53,9.17,78
6:40:00,99,22.5,9.93,80
6:41:00,99,22.6,9.32,78
6:42:00,100,22.88,9.47,76
6:43:00,100,25.13,11,74
6:44:00,100,23.94,10.24,72
6:45:00,100,22.7,9.51,70
6:46:00,100,25.5,9.97,68
6:47:00,100,24.21,9.05,66
6:48:00,100,24.95,9.13,64
6:49:00,101,24.4,9.89,62
6:50:00,101,22.71,9.3,60
6:51:00,101,24.46,10.07,58
6:52:00,101,23.83,10.41,56
6:53:00,102,24.25,9.49,54
6:54:00,102,25.75,9.08,52
6:55:00,102,22.37,10.63,50
6:56:00,102,25.76,9.85,48
6:57:00,103,23.81,9.66,46
6:58:00,103,22.62,9.72,44
6:59:00,103,22.06,10.07,42
7:00:00,103,25.22,9.68,40
7:01:00,104,24.52,10.27,38
7:02:00,104,22.58,10.6,36
7:03:00,104,24.53,9.47,34
7:04:00,104,22.41,9.2,32
7:05:00,105,25.98,10.63,30
7:06:00,105,25.21,10.51,28
7:07:00,105,24.73,10.25,26
7:08:00,105,24.07,9.84,24
7:09:00,106,25.39,9.25,22
7:10:00,106,22.67,10.9,20
7:11:00,106,24.61,10.9,18
7:12:00,106,23.66,10.12,16
7:13:00,107,22.2,10.44,14
7:14:00,107,23.04,10.35,12
7:15:00,107,22.14,10.86,10
7:16:00,107,22.78,9.97,8
7:17:00,108,25.5,10.73,6
7:18:00,108,24.52,10.54,4
7:19:00,108,23.14,10.63,2
7:20:00,108,24.49,9.85,0
7:21:00,109,25.35,9.19,2
7:22:00,109,24.01,10.62,4
7:23:00,109,23.26,10.95,6
7:24:00,109,25,10.46,8
7:25:00,110,23.75,10.05,10
7:26:00,110,25.37,9.26,12
7:27:00,110,23.58,10.47,14
7:28:00,110,23.22,9.77,16
7:29:00,111,23.62,10.42,18
7:30:00,111,24.98,10,20
7:31:00,111,24.59,10.79,22
7:32:00,111,24.92,9.47,24
7:33:00,112,23.49,9.4,26
7:34:00,112,23.43,10.94,28
7:35:00,112,25.59,9.52,30
7:36:00,112,24.3,10.72,32
7:37:00,113,22.1,9.65,34
7:38:00,113,25.47,10.57,36
7:39:00,113,24.99,9.39,38
7:40:00,113,24.93,9.84,40
7:41:00,114,22.04,10.68,42
7:42:00,114,25.57,10.52,44
7:43:00,114,22.75,10.21,46
7:44:00,114,24.52,9.7,48
7:45:00,115,25.61,9.15,50
7:46:00,115,22.07,10.99,52
7:47:00,115,25.57,10.08,54
7:48:00,115,23.95,10.53,56
7:49:00,116,23.8,10.26,58
7:50:00,116,22.19,9.27,60
7:51:00,116,24.66,9.17,62
7:52:00,116,25.08,9.53,64
7:53:00,117,22.42,10.51,66
7:54:00,117,25.07,10.54,68
7:55:00,117,24.51,10.69,70
7:56:00,117,22.28,9.24,72
7:57:00,118,23.47,10.95,74
7:58:00,118,24.78,10.54,76
7:59:00,118,23.38,9.09,78
8:00:00,118,23.85,-9.04,80
8:01:00,119,24.78,-10.1,78
8:02:00,119,22.84,-10.07,76
8:03:00,119,24.67,-10.25,74
8:04:00,119,22.02,-10.02,72
8:05:00,120,25.06,-10.18,70
8:06:00,120,23.66,-10.34,68
8:07:00,120,23.59,-9.76,66
8:08:00,120,23.24,-10.24,64
8:09:00,121,22.19,-10.21,62
8:10:00,121,25.59,-10.94,60
8:11:00,121,22.5,-9.59,58
8:12:00,121,22.7,-10.1,56
8:13:00,122,24.13,-10.55,54
8:14:00,122,22.41,-10.49,52
8:15:00,122,23.24,-10.36,50
8:16:00,122,22.56,-10.35,48
8:17:00,123,24.71,-10.82,46
8:18:00,123,22.67,-9.24,44
8:19:00,123,24.88,-9.7,42
8:20:00,123,24.45,-10.84,40
8:21:00,124,25.58,-10.29,38
8:22:00,124,25.32,-10.95,36
8:23:00,124,22.21,-10.07,34
8:24:00,124,24.44,-10.22,32
8:25:00,125,23.05,-9.89,30
8:26:00,125,23.3,-10.63,28
8:27:00,125,22.95,-10.28,26
8:28:00,125,23.64,-10.42,24
8:29:00,126,25.61,-10.7,22
8:30:00,126,23.18,-10.04,20
8:31:00,126,22.38,-9.34,18
8:32:00,126,22.05,-10.08,16
8:33:00,127,25.33,-9.85,14
8:34:00,127,25.72,-10.95,12
8:35:00,127,24.6,-10.9,10
8:36:00,127,24.31,-9.25,8
8:37:00,128,23.11,-10.93,6
8:38:00,128,25.13,-9.58,4
8:39:00,128,22.54,-10.76,2
8:40:00,128,23.99,-10.78,0
8:41:00,129,25.31,-9.73,2
8:42:00,129,25.31,-9.66,4
8:43:00,129,25.59,-9.32,6
8:44:00,129,23.47,-10.83,8
8:45:00,130,23.66,-10.85,10
8:46:00,130,25.71,-9.59,12
8:47:00,130,24.5,-9.37,14
8:48:00,130,22.54,-9.56,16
8:49:00,131,24.56,-9.99,18
8:50:00,131,24.99,-10.54,20
8:51:00,131,23.09,-9.21,22
8:52:00,131,23.64,-9.24,24
8:53:00,132,23.19,-9.06,26
8:54:00,132,24.36,-10.59,28
8:55:00,132,22.97,-9.44,30
8:56:00,132,22.74,-10.46,32
8:57:00,133,22.84,-9.43,34
8:58:00,133,25.5,-10.93,36
8:59:00,133,24.36,-10.13,38
9:00:00,133,23.27,-9.97,40
9:01:00,134,22.84,-9.01,42
9:02:00,134,23.71,-9.79,44
9:03:00,134,22.56,-10.78,46
9:04:00,134,25.59,-10.57,48
9:05:00,135,25.49,-10.04,50
9:06:00,135,24,-9.67,52
9:07:00,135,23.1,-10.77,54
9:08:00,135,25.89,-9.76,56
9:09:00,136,24.55,-10.94,58
9:10:00,136,22.53,-10.59,60
9:11:00,136,23.19,-10.68,62
9:12:00,136,23.03,-10.31,64
9:13:00,137,22.22,-10.32,66
9:14:00,137,25.57,-10.37,68
9:15:00,137,24.18,-10.01,70
9:16:00,137,25.81,-10.91,72
9:17:00,138,24.8,-9.7,74
9:18:00,138,25.77,-9.35,76
9:19:00,138,22.4,-10.93,78
9:20:00,138,22.36,-9.41,80
9:21:00,139,25.72,-9.07,78
9:22:00,139,25.14,-10.62,76
9:23:00,139,22.57,-9.73,74
9:24:00,139,24.05,-10.49,72
9:25:00,140,25.67,-9.66,70
9:26:00,140,23.47,-10.67,68
9:27:00,140,25.46,-10.25,66
9:28:00,140,24.59,-9.63,64
9:29:00,141,25.44,-10,62
9:30:00,141,25.52,-10.72,60
9:31:00,141,25.85,-10.88,58
9:32:00,141,24.92,-9.74,56
9:33:00,142,23.5,-9.38,54
9:34:00,142,24.37,-9.24,52
9:35:00,142,23.94,-9.1,50
9:36:00,142,22.38,-10.15,48
9:37:00,143,22.54,-9.99,46
9:38:00,143,24.76,-10.63,44
9:39:00,143,24.84,-10.54,42
9:40:00,143,22.22,-10.78,40
9:41:00,144,24.06,-9.01,38
9:42:00,144,23.34,-9.81,36
9:43:00,144,22.39,-9.43,34
9:44:00,144,22.85,-10.55,32
9:45:00,145,23.2,-9.87,30
9:46:00,145,24.83,-9.97,28
9:47:00,145,24.92,-10.16,26
9:48:00,145,23.15,-10.96,24
9:49:00,146,23.29,-9.34,22
9:50:00,146,22.73,-10.18,20
9:51:00,146,23.15,-9.36,18
9:52:00,146,25.54,-9.03,16
9:53:00,147,25.3,-10.36,14
9:54:00,147,22.87,-10.15,12
9:55:00,147,24.34,-10.97,10
9:56:00,147,25.32,-9.46,8
9:57:00,148,24.39,-10.1,6
9:58:00,148,22.4,-9.8,4
9:59:00,148,24.59,-10.88,2
10:00:00,148,23.72,10.02,0
10:01:00,149,23.47,9.06,2
10:02:00,149,24.16,9.48,4
10:03:00,149,22.4,9.37,6
10:04:00,149,22.86,9.27,8
10:05:00,150,25.61,10.39,10
10:06:00,150,25.21,10.27,12
10:07:00,150,24.71,10.61,14
10:08:00,150,23.36,9.2,16
10:09:00,150,25.6,9.71,18
10:10:00,150,25.38,9.21,20
10:11:00,150,25.45,9.11,22
10:12:00,151,24.7,10.71,24
10:13:00,151,24.13,9.31,26
10:14:00,151,22.27,10.54,28
10:15:00,151,23,9.4,30
10:16:00,152,23.11,10.02,32
10:17:00,152,22.01,10.6,34
10:18:00,152,24.52,9.71,36
10:19:00,152,24.22,9.86,38
10:20:00,153,24.07,9.33,40
10:21:00,153,25.65,10.03,42
10:22:00,153,25.68,9.02,44
10:23:00,153,25.57,10.44,46
10:24:00,154,22.06,10.64,48
10:25:00,154,23.41,10.08,50
10:26:00,154,25.26,9.25,52
10:27:00,154,22.15,9.41,54
10:28:00,155,24.02,9.31,56
10:29:00,155,24.45,9.84,58
10:30:00,155,23.85,10.85,60
10:31:00,155,23.87,9.2,62
10:32:00,156,25.72,10.36,64
10:33:00,156,22.18,9.62,66
10:34:00,156,24.05,9.64,68
10:35:00,156,24.43,9.42,70
10:36:00,157,25.58,9.68,72
10:37:00,157,24.19,9.12,74
10:38:00,157,25.19,9.83,76
10:39:00,157,25.71,9.42,78
10:40:00,158,23.24,9.48,80
10:41:00,158,23.49,9.33,78
10:42:00,158,24.47,10.53,76
10:43:00,158,24.14,10.6,74
10:44:00,159,25.78,10.55,72
10:45:00,159,25.83,10.58,70
10:46:00,159,22.57,10.84,68
10:47:00,159,22.3,9.9,66
10:48:00,160,25.16,10.05,64
10:49:00,160,22.92,10.95,62
10:50:00,160,24.22,10.29,60
10:51:00,160,25.62,9.78,58
10:52:00,161,22.48,10.19,56
10:53:00,161,23.59,10.2,54
10:54:00,161,25.73,9.76,52
10:55:00,161,24.74,10.44,50
10:56:00,162,25.58,10.69,48
10:57:00,162,22.7,9.48,46
10:58:00,162,23.62,10.36,44
10:59:00,162,25.97,9.71,42
11:00:00,163,22.89,9.14,40
11:01:00,163,24.81,10.76,38
11:02:00,163,25.58,10.24,36
11:03:00,163,23.37,10.15,34
11:04:00,164,25.45,10.47,32
11:05:00,164,23.96,10.33,30
11:06:00,164,22.68,9.44,28
11:07:00,164,23.46,10.53,26
11:08:00,165,22.27,10.57,24
11:09:00,165,25.61,10.9,22
11:10:00,165,24.28,10.16,20
11:11:00,165,22.63,9.98,18
11:12:00,166,22.83,9.87,16
11:13:00,166,23.69,9.79,14
11:14:00,166,22.98,9.96,12
11:15:00,166,25.46,10.69,10
11:16:00,167,25.4,10.65,8
11:17:00,167,22.83,9.34,6
11:18:00,167,23.24,10.37,4
11:19:00,167,23.17,10.67,2
11:20:00,168,23.92,10.08,0
11:21:00,168,25.25,9.61,2
11:22:00,168,24.26,9.36,4
11:23:00,168,23.6,10.76,6
11:24:00,169,25.11,10.46,8
11:25:00,169,24.41,9.91,10
11:26:00,169,24.83,10.31,12
11:27:00,169,23.41,10.85,14
11:28:00,170,22.09,9.24,16
11:29:00,170,23.07,10.58,18
11:30:00,170,25.87,10.1,20
11:31:00,170,23.29,9.13,22
11:32:00,171,24.85,10.68,24
11:33:00,171,24.05,9.65,26
11:34:00,171,24.7,9.99,28
11:35:00,171,22.67,9.21,30
11:36:00,172,24.33,10.23,32
11:37:00,172,25.23,10.85,34
11:38:00,172,22.49,10.32,36
11:39:00,172,25.71,9.93,38
11:40:00,173,25.63,10.05,40
11:41:00,173,24.34,10.01,42
11:42:00,173,24.96,10.25,44
11:43:00,173,23.68,10.34,46
11:44:00,174,23.56,10.61,48
11:45:00,174,23.41,10.71,50
11:46:00,174,24.96,10.04,52
11:47:00,174,24.22,9.04,54
11:48:00,175,23.25,10.08,56
11:49:00,175,22.18,9.81,58
11:50:00,175,22.64,9.4,60
11:51:00,175,25.47,9.22,62
11:52:00,176,22.7,9.33,64
11:53:00,176,25.77,9.98,66
11:54:00,176,24.42,9.17,68
11:55:00,176,23.12,10.8,70
11:56:00,177,22.64,10.42,72
11:57:00,177,24.23,9.19,74
11:58:00,177,25.4,10.69,76
11:59:00,177,24.92,9.57,78
12:00:00,178,23.55,10.58,0
12:01:00,178,23.42,9.38,2
12:02:00,178,24.6,10.9,4
12:03:00,178,24.85,10.21,6
12:04:00,179,22.02,9.45,8
12:05:00,179,23.43,9.44,10
12:06:00,179,25.5,9.34,12
12:07:00,179,23.86,9.91,14
12:08:00,180,23.62,9.47,16
12:09:00,180,25.87,9.14,18
12:10:00,180,22.67,9.47,20
12:11:00,180,22.48,9.82,22
12:12:00,181,24.09,9.07,24
12:13:00,181,23.79,10.57,26
12:14:00,181,24.87,10.71,28
12:15:00,181,23.51,10.6,30
12:16:00,182,23.53,10.61,32
12:17:00,182,25.06,10.84,34
12:18:00,182,22.75,9.73,36
12:19:00,182,25.7,9.1,38
12:20:00,183,25.96,10.79,40
12:21:00,183,25.77,9.42,42
12:22:00,183,23.73,9.22,44
12:23:00,183,23.73,10.25,46
12:24:00,184,23,9.5,48
12:25:00,184,25.32,10.33,50
12:26:00,184,24.62,10.82,52
12:27:00,184,23.34,9.9,54
12:28:00,185,24.95,9.91,56
12:29:00,185,24.48,10.92,58
12:30:00,185,22.69,10.92,60
12:31:00,185,25.01,9.44,62
12:32:00,186,23.73,9.47,64
12:33:00,186,25.96,9.23,66
12:34:00,186,24.82,10.31,68
12:35:00,186,25.45,9.85,70
12:36:00,187,25.42,9.26,72
12:37:00,187,22.08,9.48,74
12:38:00,187,23.08,9.26,76
12:39:00,187,25.53,9.17,78
12:40:00,188,22.5,9.93,80
12:41:00,188,22.6,9.32,78
12:42:00,188,22.88,9.47,76
12:43:00,188,25.13,11,74
12:44:00,189,23.94,10.24,72
12:45:00,189,22.7,9.51,70
12:46:00,189,25.5,9.97,68
12:47:00,189,24.21,9.05,66
12:48:00,190,24.95,9.13,64
12:49:00,190,24.4,9.89,62
12:50:00,190,22.71,9.3,60
12:51:00,190,24.46,10.07,58
12:52:00,191,23.83,10.41,56
12:53:00,191,24.25,9.49,54
12:54:00,191,25.75,9.08,52
12:55:00,191,22.37,10.63,50
12:56:00,192,25.76,9.85,48
12:57:00,192,23.81,9.66,46
12:58:00,192,22.62,9.72,44
12:59:00,192,22.06,10.07,42
13:00:00,193,25.22,9.68,40
13:01:00,193,24.52,10.27,38
13:02:00,193,22.58,10.6,36
13:03:00,193,24.53,9.47,34
13:04:00,194,22.41,9.2,32
13:05:00,194,25.98,10.63,30
13:06:00,194,25.21,10.51,28
13:07:00,194,24.73,10.25,26
13:08:00,195,24.07,9.84,24
13:09:00,195,25.39,9.25,22
13:10:00,195,22.67,10.9,20
13:11:00,195,24.61,10.9,18
13:12:00,196,23.66,10.12,16
13:13:00,196,22.2,10.44,14
13:14:00,196,23.04,10.35,12
13:15:00,196,22.14,10.86,10
13:16:00,197,22.78,9.97,8
13:17:00,197,25.5,10.73,6
13:18:00,197,24.52,10.54,4
13:19:00,197,23.14,10.63,2
13:20:00,198,24.49,9.85,0
13:21:00,198,25.35,9.19,2
13:22:00,198,24.01,10.62,4
13:23:00,198,23.26,10.95,6
13:24:00,199,25,10.46,8
13:25:00,199,23.75,10.05,10
13:26:00,199,25.37,9.26,12
13:27:00,199,23.58,10.47,14
13:28:00,200,23.22,9.77,16
13:29:00,200,23.62,10.42,18
13:30:00,200,24.98,10,20
13:31:00,200,24.59,10.79,22
13:32:00,200,24.92,9.47,24
13:33:00,200,23.49,9.4,26
13:34:00,200,23.43,10.94,28
13:35:00,201,25.59,9.52,30
13:36:00,201,24.3,10.72,32
13:37:00,201,22.1,9.65,34
13:38:00,201,25.47,10.57,36
13:39:00,202,24.99,9.39,38
13:40:00,202,24.93,9.84,40
13:41:00,202,22.04,10.68,42
13:42:00,202,25.57,10.52,44
13:43:00,203,22.75,10.21,46
13:44:00,203,24.52,9.7,48
13:45:00,203,25.61,9.15,50
13:46:00,203,22.07,10.99,52
13:47:00,204,25.57,10.08,54
13:48:00,204,23.95,10.53,56
13:49:00,204,23.8,10.26,58
13:50:00,204,22.19,9.27,60
13:51:00,205,24.66,9.17,62
13:52:00,205,25.08,9.53,64
13:53:00,205,22.42,10.51,66
13:54:00,205,25.07,10.54,68
13:55:00,206,24.51,10.69,70
13:56:00,206,22.28,9.24,72
13:57:00,206,23.47,10.95,74
13:58:00,206,24.78,10.54,76
13:59:00,207,23.38,9.09,78
14:00:00,207,23.85,-9.04,80
14:01:00,207,24.78,-10.1,78
14:02:00,207,22.84,-10.07,76
14:03:00,208,24.67,-10.25,74
14:04:00,208,22.02,-10.02,72
14:05:00,208,25.06,-10.18,70
14:06:00,208,23.66,-10.34,68
14:07:00,209,23.59,-9.76,66
14:08:00,209,23.24,-10.24,64
14:09:00,209,22.19,-10.21,62
14:10:00,209,25.59,-10.94,60
14:11:00,210,22.5,-9.59,58
14:12:00,210,22.7,-10.1,56
14:13:00,210,24.13,-10.55,54
14:14:00,210,22.41,-10.49,52
14:15:00,211,23.24,-10.36,50
14:16:00,211,22.56,-10.35,48
14:17:00,211,24.71,-10.82,46
14:18:00,211,22.67,-9.24,44
14:19:00,212,24.88,-9.7,42
14:20:00,212,24.45,-10.84,40
14:21:00,212,25.58,-10.29,38
14:22:00,212,25.32,-10.95,36
14:23:00,213,22.21,-10.07,34
14:24:00,213,24.44,-10.22,32
14:25:00,213,23.05,-9.89,30
14:26:00,213,23.3,-10.63,28
14:27:00,214,22.95,-10.28,26
14:28:00,214,23.64,-10.42,24
14:29:00,214,25.61,-10.7,22
14:30:00,214,23.18,-10.04,20
14:31:00,215,22.38,-9.34,18
14:32:00,215,22.05,-10.08,16
14:33:00,215,25.33,-9.85,14
14:34:00,215,25.72,-10.95,12
14:35:00,216,24.6,-10.9,10
14:36:00,216,24.31,-9.25,8
14:37:00,216,23.11,-10.93,6
14:38:00,216,25.13,-9.58,4
14:39:00,217,22.54,-10.76,2
14:40:00,217,23.99,-10.78,0
14:41:00,217,25.31,-9.73,2
14:42:00,217,25.31,-9.66,4
14:43:00,218,25.59,-9.32,6
14:44:00,218,23.47,-10.83,8
14:45:00,218,23.66,-10.85,10
14:46:00,218,25.71,-9.59,12
14:47:00,219,24.5,-9.37,14
14:48:00,219,22.54,-9.56,16
14:49:00,219,24.56,-9.99,18
14:50:00,219,24.99,-10.54,20
14:51:00,220,23.09,-9.21,22
14:52:00,220,23.64,-9.24,24
14:53:00,220,23.19,-9.06,26
14:54:00,220,24.36,-10.59,28
14:55:00,221,22.97,-9.44,30
14:56:00,221,22.74,-10.46,32
14:57:00,221,22.84,-9.43,34
14:58:00,221,25.5,-10.93,36
14:59:00,222,24.36,-10.13,38
15:00:00,222,23.27,-9.97,40
15:01:00,222,22.84,-9.01,42
15:02:00,222,23.71,-9.79,44
15:03:00,223,22.56,-10.78,46
15:04:00,223,25.59,-10.57,48
15:05:00,223,25.49,-10.04,50
15:06:00,223,24,-9.67,52
15:07:00,224,23.1,-10.77,54
15:08:00,224,25.89,-9.76,56
15:09:00,224,24.55,-10.94,58
15:10:00,224,22.53,-10.59,60
15:11:00,225,23.19,-10.68,62
15:12:00,225,23.03,-10.31,64
15:13:00,225,22.22,-10.32,66
15:14:00,225,25.57,-10.37,68
15:15:00,226,24.18,-10.01,70
15:16:00,226,25.81,-10.91,72
15:17:00,226,24.8,-9.7,74
15:18:00,226,25.77,-9.35,76
15:19:00,227,22.4,-10.93,78
15:20:00,227,22.36,-9.41,80
15:21:00,227,25.72,-9.07,78
15:22:00,227,25.14,-10.62,76
15:23:00,228,22.57,-9.73,74
15:24:00,228,24.05,-10.49,72
15:25:00,228,25.67,-9.66,70
15:26:00,228,23.47,-10.67,68
15:27:00,229,25.46,-10.25,66
15:28:00,229,24.59,-9.63,64
15:29:00,229,25.44,-10,62
15:30:00,229,25.52,-10.72,60
15:31:00,230,25.85,-10.88,58
15:32:00,230,24.92,-9.74,56
15:33:00,230,23.5,-9.38,54
15:34:00,230,24.37,-9.24,52
15:35:00,231,23.94,-9.1,50
15:36:00,231,22.38,-10.15,48
15:37:00,231,22.54,-9.99,46
15:38:00,231,24.76,-10.63,44
15:39:00,232,24.84,-10.54,42
15:40:00,232,22.22,-10.78,40
15:41:00,232,24.06,-9.01,38
15:42:00,232,23.34,-9.81,36
15:43:00,233,22.39,-9.43,34
15:44:00,233,22.85,-10.55,32
15:45:00,233,23.2,-9.87,30
15:46:00,233,24.83,-9.97,28
15:47:00,234,24.92,-10.16,26
15:48:00,234,23.15,-10.96,24
15:49:00,234,23.29,-9.34,22
15:50:00,234,22.73,-10.18,20
15:51:00,235,23.15,-9.36,18
15:52:00,235,25.54,-9.03,16
15:53:00,235,25.3,-10.36,14
15:54:00,235,22.87,-10.15,12
15:55:00,236,24.34,-10.97,10
15:56:00,236,25.32,-9.46,8
15:57:00,236,24.39,-10.1,6
15:58:00,236,22.4,-9.8,4
15:59:00,237,24.59,-10.88,2
16:00:00,237,23.72,10.02,0
16:01:00,237,23.47,9.06,2
16:02:00,237,24.16,9.48,4
16:03:00,238,22.4,9.37,6
16:04:00,238,22.86,9.27,8
16:05:00,238,25.61,10.39,10
16:06:00,238,25.21,10.27,12
16:07:00,239,24.71,10.61,14
16:08:00,239,23.36,9.2,16
16:09:00,239,25.6,9.71,18
16:10:00,239,25.38,9.21,20
16:11:00,240,25.45,9.11,22
16:12:00,240,24.7,10.71,24
16:13:00,240,24.13,9.31,26
16:14:00,240,22.27,10.54,28
16:15:00,241,23,9.4,30
16:16:00,241,23.11,10.02,32
16:17:00,241,22.01,10.6,34
16:18:00,241,24.52,9.71,36
16:19:00,242,24.22,9.86,38
16:20:00,242,24.07,9.33,40
16:21:00,242,25.65,10.03,42
16:22:00,242,25.68,9.02,44
16:23:00,243,25.57,10.44,46
16:24:00,243,22.06,10.64,48
16:25:00,243,23.41,10.08,50
16:26:00,243,25.26,9.25,52
16:27:00,244,22.15,9.41,54
16:28:00,244,24.02,9.31,56
16:29:00,244,24.45,9.84,58
16:30:00,244,23.85,10.85,60
16:31:00,245,23.87,9.2,62
16:32:00,245,25.72,10.36,64
16:33:00,245,22.18,9.62,66
16:34:00,245,24.05,9.64,68
16:35:00,246,24.43,9.42,70
16:36:00,246,25.58,9.68,72
16:37:00,246,24.19,9.12,74
16:38:00,246,25.19,9.83,76
16:39:00,247,25.71,9.42,78
16:40:00,247,23.24,9.48,80
16:41:00,247,23.49,9.33,78
16:42:00,247,24.47,10.53,76
16:43:00,248,24.14,10.6,74
16:44:00,248,25.78,10.55,72
16:45:00,248,25.83,10.58,70
16:46:00,248,22.57,10.84,68
16:47:00,249,22.3,9.9,66
16:48:00,249,25.16,10.05,64
16:49:00,249,22.92,10.95,62
16:50:00,249,24.22,10.29,60
16:51:00,250,25.62,9.78,58
16:52:00,250,22.48,10.19,56
16:53:00,250,23.59,10.2,54
16:54:00,250,25.73,9.76,52
16:55:00,250,24.74,10.44,50
16:56:00,250,25.58,10.69,48
16:57:00,250,22.7,9.48,46
16:58:00,251,23.62,10.36,44
16:59:00,251,25.97,9.71,42
17:00:00,251,22.89,9.14,40
17:01:00,251,24.81,10.76,38
17:02:00,252,25.58,10.24,36
17:03:00,252,23.37,10.15,34
17:04:00,252,25.45,10.47,32
17:05:00,252,23.96,10.33,30
17:06:00,253,22.68,9.44,28
17:07:00,253,23.46,10.53,26
17:08:00,253,22.27,10.57,24
17:09:00,253,25.61,10.9,22
17:10:00,254,24.28,10.16,20
17:11:00,254,22.63,9.98,18
17:12:00,254,22.83,9.87,16
17:13:00,254,23.69,9.79,14
17:14:00,255,22.98,9.96,12
17:15:00,255,25.46,10.69,10
17:16:00,255,25.4,10.65,8
17:17:00,255,22.83,9.34,6
17:18:00,256,23.24,10.37,4
17:19:00,256,23.17,10.67,2
17:20:00,256,23.92,10.08,0
17:21:00,256,25.25,9.61,2
17:22:00,257,24.26,9.36,4
17:23:00,257,23.6,10.76,6
17:24:00,257,25.11,10.46,8
17:25:00,257,24.41,9.91,10
17:26:00,258,24.83,10.31,12
17:27:00,258,23.41,10.85,14
17:28:00,258,22.09,9.24,16
17:29:00,258,23.07,10.58,18
17:30:00,259,25.87,10.1,20
17:31:00,259,23.29,9.13,22
17:32:00,259,24.85,10.68,24
17:33:00,259,24.05,9.65,26
17:34:00,260,24.7,9.99,28
17:35:00,260,22.67,9.21,30
17:36:00,260,24.33,10.23,32
17:37:00,260,25.23,10.85,34
17:38:00,261,22.49,10.32,36
17:39:00,261,25.71,9.93,38
17:40:00,261,25.63,10.05,40
17:41:00,261,24.34,10.01,42
17:42:00,262,24.96,10.25,44
17:43:00,262,23.68,10.34,46
17:44:00,262,23.56,10.61,48
17:45:00,262,23.41,10.71,50
17:46:00,263,24.96,10.04,52
17:47:00,263,24.22,9.04,54
17:48:00,263,23.25,10.08,56
17:49:00,263,22.18,9.81,58
17:50:00,264,22.64,9.4,60
17:51:00,264,25.47,9.22,62
17:52:00,264,22.7,9.33,64
17:53:00,264,25.77,9.98,66
17:54:00,265,24.42,9.17,68
17:55:00,265,23.12,10.8,70
17:56:00,265,22.64,10.42,72
17:57:00,265,24.23,9.19,74
17:58:00,266,25.4,10.69,76
17:59:00,266,24.92,9.57,78
18:00:00,266,23.55,10.58,0
18:01:00,266,23.42,9.38,2
18:02:00,267,24.6,10.9,4
18:03:00,267,24.85,10.21,6
18:04:00,267,22.02,9.45,8
18:05:00,267,23.43,9.44,10
18:06:00,268,25.5,9.34,12
18:07:00,268,23.86,9.91,14
18:08:00,268,23.62,9.47,16
18:09:00,268,25.87,9.14,18
18:10:00,269,22.67,9.47,20
18:11:00,269,22.48,9.82,22
18:12:00,269,24.09,9.07,24
18:13:00,269,23.79,10.57,26
18:14:00,270,24.87,10.71,28
18:15:00,270,23.51,10.6,30
18:16:00,270,23.53,10.61,32
18:17:00,270,25.06,10.84,34
18:18:00,271,22.75,9.73,36
18:19:00,271,25.7,9.1,38
18:20:00,271,25.96,10.79,40
18:21:00,271,25.77,9.42,42
18:22:00,272,23.73,9.22,44
18:23:00,272,23.73,10.25,46
18:24:00,272,23,9.5,48
18:25:00,272,25.32,10.33,50
18:26:00,273,24.62,10.82,52
18:27:00,273,23.34,9.9,54
18:28:00,273,24.95,9.91,56
18:29:00,273,24.48,10.92,58
18:30:00,274,22.69,10.92,60
18:31:00,274,25.01,9.44,62
18:32:00,274,23.73,9.47,64
18:33:00,274,25.96,9.23,66
18:34:00,275,24.82,10.31,68
18:35:00,275,25.45,9.85,70
18:36:00,275,25.42,9.26,72
18:37:00,275,22.08,9.48,74
18:38:00,276,23.08,9.26,76
18:39:00,276,25.53,9.17,78
18:40:00,276,22.5,9.93,80
18:41:00,276,22.6,9.32,78
18:42:00,277,22.88,9.47,76
18:43:00,277,25.13,11,74
18:44:00,277,23.94,10.24,72
18:45:00,277,22.7,9.51,70
18:46:00,278,25.5,9.97,68
18:47:00,278,24.21,9.05,66
18:48:00,278,24.95,9.13,64
18:49:00,278,24.4,9.89,62
18:50:00,279,22.71,9.3,60
18:51:00,279,24.46,10.07,58
18:52:00,279,23.83,10.41,56
18:53:00,279,24.25,9.49,54
18:54:00,280,25.75,9.08,52
18:55:00,280,22.37,10.63,50
18:56:00,280,25.76,9.85,48
18:57:00,280,23.81,9.66,46
18:58:00,281,22.62,9.72,44
18:59:00,281,22.06,10.07,42
19:00:00,281,25.22,9.68,40
19:01:00,281,24.52,10.27,38
19:02:00,282,22.58,10.6,36
19:03:00,282,24.53,9.47,34
19:04:00,282,22.41,9.2,32
19:05:00,282,25.98,10.63,30
19:06:00,283,25.21,10.51,28
19:07:00,283,24.73,10.25,26
19:08:00,283,24.07,9.84,24
19:09:00,283,25.39,9.25,22
19:10:00,284,22.67,10.9,20
19:11:00,284,24.61,10.9,18
19:12:00,284,23.66,10.12,16
19:13:00,284,22.2,10.44,14
19:14:00,285,23.04,10.35,12
19:15:00,285,22.14,10.86,10
19:16:00,285,22.78,9.97,8
19:17:00,285,25.5,10.73,6
19:18:00,286,24.52,10.54,4
19:19:00,286,23.14,10.63,2
19:20:00,286,24.49,9.85,0
19:21:00,286,25.35,9.19,2
19:22:00,287,24.01,10.62,4
19:23:00,287,23.26,10.95,6
19:24:00,287,25,10.46,8
19:25:00,287,23.75,10.05,10
19:26:00,288,25.37,9.26,12
19:27:00,288,23.58,10.47,14
19:28:00,288,23.22,9.77,16
19:29:00,288,23.62,10.42,18
19:30:00,289,24.98,10,20
19:31:00,289,24.59,10.79,22
19:32:00,289,24.92,9.47,24
19:33:00,289,23.49,9.4,26
19:34:00,290,23.43,10.94,28
19:35:00,290,25.59,9.52,30
19:36:00,290,24.3,10.72,32
19:37:00,290,22.1,9.65,34
19:38:00,291,25.47,10.57,36
19:39:00,291,24.99,9.39,38
19:40:00,291,24.93,9.84,40
19:41:00,291,22.04,10.68,42
19:42:00,292,25.57,10.52,44
19:43:00,292,22.75,10.21,46
19:44:00,292,24.52,9.7,48
19:45:00,292,25.61,9.15,50
19:46:00,293,22.07,10.99,52
19:47:00,293,25.57,10.08,54
19:48:00,293,23.95,10.53,56
19:49:00,293,23.8,10.26,58
19:50:00,294,22.19,9.27,60
19:51:00,294,24.66,9.17,62
19:52:00,294,25.08,9.53,64
19:53:00,294,22.42,10.51,66
19:54:00,295,25.07,10.54,68
19:55:00,295,24.51,10.69,70
19:56:00,295,22.28,9.24,72
19:57:00,295,23.47,10.95,74
19:58:00,296,24.78,10.54,76
19:59:00,296,23.38,9.09,78
20:00:00,296,23.85,-9.04,80
20:01:00,296,24.78,-10.1,78
20:02:00,297,22.84,-10.07,76
20:03:00,297,24.67,-10.25,74
20:04:00,297,22.02,-10.02,72
20:05:00,297,25.06,-10.18,70
20:06:00,298,23.66,-10.34,68
20:07:00,298,23.59,-9.76,66
20:08:00,298,23.24,-10.24,64
20:09:00,298,22.19,-10.21,62
20:10:00,299,25.59,-10.94,60
20:11:00,299,22.5,-9.59,58
20:12:00,299,22.7,-10.1,56
20:13:00,299,24.13,-10.55,54
20:14:00,300,22.41,-10.49,52
20:15:00,300,23.24,-10.36,50
20:16:00,300,22.56,-10.35,48
20:17:00,300,24.71,-10.82,46
20:18:00,300,22.67,-9.24,44
20:19:00,300,24.88,-9.7,42
20:20:00,300,24.45,-10.84,40
20:21:00,301,25.58,-10.29,38
20:22:00,301,25.32,-10.95,36
20:23:00,301,22.21,-10.07,34
20:24:00,301,24.44,-10.22,32
20:25:00,302,23.05,-9.89,30
20:26:00,302,23.3,-10.63,28
20:27:00,302,22.95,-10.28,26
20:28:00,302,23.64,-10.42,24
20:29:00,303,25.61,-10.7,22
20:30:00,303,23.18,-10.04,20
20:31:00,303,22.38,-9.34,18
20:32:00,303,22.05,-10.08,16
20:33:00,304,25.33,-9.85,14
20:34:00,304,25.72,-10.95,12
20:35:00,304,24.6,-10.9,10
20:36:00,304,24.31,-9.25,8
20:37:00,305,23.11,-10.93,6
20:38:00,305,25.13,-9.58,4
20:39:00,305,22.54,-10.76,2
20:40:00,305,23.99,-10.78,0
20:41:00,306,25.31,-9.73,2
20:42:00,306,25.31,-9.66,4
20:43:00,306,25.59,-9.32,6
20:44:00,306,23.47,-10.83,8
20:45:00,307,23.66,-10.85,10
20:46:00,307,25.71,-9.59,12
20:47:00,307,24.5,-9.37,14
20:48:00,307,22.54,-9.56,16
20:49:00,308,24.56,-9.99,18
20:50:00,308,24.99,-10.54,20
20:51:00,308,23.09,-9.21,22
20:52:00,308,23.64,-9.24,24
20:53:00,309,23.19,-9.06,26
20:54:00,309,24.36,-10.59,28
20:55:00,309,22.97,-9.44,30
20:56:00,309,22.74,-10.46,32
20:57:00,310,22.84,-9.43,34
20:58:00,310,25.5,-10.93,36
20:59:00,310,24.36,-10.13,38
21:00:00,310,23.27,-9.97,40
21:01:00,311,22.84,-9.01,42
21:02:00,311,23.71,-9.79,44
21:03:00,311,22.56,-10.78,46
21:04:00,311,25.59,-10.57,48
21:05:00,312,25.49,-10.04,50
21:06:00,312,24,-9.67,52
21:07:00,312,23.1,-10.77,54
21:08:00,312,25.89,-9.76,56
21:09:00,313,24.55,-10.94,58
21:10:00,313,22.53,-10.59,60
21:11:00,313,23.19,-10.68,62
21:12:00,313,23.03,-10.31,64
21:13:00,314,22.22,-10.32,66
21:14:00,314,25.57,-10.37,68
21:15:00,314,24.18,-10.01,70
21:16:00,314,25.81,-10.91,72
21:17:00,315,24.8,-9.7,74
21:18:00,315,25.77,-9.35,76
21:19:00,315,22.4,-10.93,78
21:20:00,315,22.36,-9.41,80
21:21:00,316,25.72,-9.07,78
21:22:00,316,25.14,-10.62,76
21:23:00,316,22.57,-9.73,74
21:24:00,316,24.05,-10.49,72
21:25:00,317,25.67,-9.66,70
21:26:00,317,23.47,-10.67,68
21:27:00,317,25.46,-10.25,66
21:28:00,317,24.59,-9.63,64
21:29:00,318,25.44,-10,62
21:30:00,318,25.52,-10.72,60
21:31:00,318,25.85,-10.88,58
21:32:00,318,24.92,-9.74,56
21:33:00,319,23.5,-9.38,54
21:34:00,319,24.37,-9.24,52
21:35:00,319,23.94,-9.1,50
21:36:00,319,22.38,-10.15,48
21:37:00,320,22.54,-9.99,46
21:38:00,320,24.76,-10.63,44
21:39:00,320,24.84,-10.54,42
21:40:00,320,22.22,-10.78,40
21:41:00,321,24.06,-9.01,38
21:42:00,321,23.34,-9.81,36
21:43:00,321,22.39,-9.43,34
21:44:00,321,22.85,-10.55,32
21:45:00,322,23.2,-9.87,30
21:46:00,322,24.83,-9.97,28
21:47:00,322,24.92,-10.16,26
21:48:00,322,23.15,-10.96,24
21:49:00,323,23.29,-9.34,22
21:50:00,323,22.73,-10.18,20
21:51:00,323,23.15,-9.36,18
21:52:00,323,25.54,-9.03,16
21:53:00,324,25.3,-10.36,14
21:54:00,324,22.87,-10.15,12
21:55:00,324,24.34,-10.97,10
21:56:00,324,25.32,-9.46,8
21:57:00,325,24.39,-10.1,6
21:58:00,325,22.4,-9.8,4
21:59:00,325,24.59,-10.88,2
22:00:00,325,23.72,10.02,0
22:01:00,326,23.47,9.06,2
22:02:00,326,24.16,9.48,4
22:03:00,326,22.4,9.37,6
22:04:00,326,22.86,9.27,8
22:05:00,327,25.61,10.39,10
22:06:00,327,25.21,10.27,12
22:07:00,327,24.71,10.61,14
22:08:00,327,23.36,9.2,16
22:09:00,328,25.6,9.71,18
22:10:00,328,25.38,9.21,20
22:11:00,328,25.45,9.11,22
22:12:00,328,24.7,10.71,24
22:13:00,329,24.13,9.31,26
22:14:00,329,22.27,10.54,28
22:15:00,329,23,9.4,30
22:16:00,329,23.11,10.02,32
22:17:00,330,22.01,10.6,34
22:18:00,330,24.52,9.71,36
22:19:00,330,24.22,9.86,38
22:20:00,330,24.07,9.33,40
22:21:00,331,25.65,10.03,42
22:22:00,331,25.68,9.02,44
22:23:00,331,25.57,10.44,46
22:24:00,331,22.06,10.64,48
22:25:00,332,23.41,10.08,50
22:26:00,332,25.26,9.25,52
22:27:00,332,22.15,9.41,54
22:28:00,332,24.02,9.31,56
22:29:00,333,24.45,9.84,58
22:30:00,333,23.85,10.85,60
22:31:00,333,23.87,9.2,62
22:32:00,333,25.72,10.36,64
22:33:00,334,22.18,9.62,66
22:34:00,334,24.05,9.64,68
22:35:00,334,24.43,9.42,70
22:36:00,334,25.58,9.68,72
22:37:00,335,24.19,9.12,74
22:38:00,335,25.19,9.83,76
22:39:00,335,25.71,9.42,78
22:40:00,335,23.24,9.48,80
22:41:00,336,23.49,9.33,78
22:42:00,336,24.47,10.53,76
22:43:00,336,24.14,10.6,74
22:44:00,336,25.78,10.55,72
22:45:00,337,25.83,10.58,70
22:46:00,337,22.57,10.84,68
22:47:00,337,22.3,9.9,66
22:48:00,337,25.16,10.05,64
22:49:00,338,22.92,10.95,62
22:50:00,338,24.22,10.29,60
22:51:00,338,25.62,9.78,58
22:52:00,338,22.48,10.19,56
22:53:00,339,23.59,10.2,54
22:54:00,339,25.73,9.76,52
22:55:00,339,24.74,10.44,50
22:56:00,339,25.58,10.69,48
22:57:00,340,22.7,9.48,46
22:58:00,340,23.62,10.36,44
22:59:00,340,25.97,9.71,42
23:00:00,340,22.89,9.14,40
23:01:00,341,24.81,10.76,38
23:02:00,341,25.58,10.24,36
23:03:00,341,23.37,10.15,34
23:04:00,341,25.45,10.47,32
23:05:00,342,23.96,10.33,30
23:06:00,342,22.68,9.44,28
23:07:00,342,23.46,10.53,26
23:08:00,342,22.27,10.57,24
23:09:00,343,25.61,10.9,22
23:10:00,343,24.28,10.16,20
23:11:00,343,22.63,9.98,18
23:12:00,343,22.83,9.87,16
23:13:00,344,23.69,9.79,14
23:14:00,344,22.98,9.96,12
23:15:00,344,25.46,10.69,10
23:16:00,344,25.4,10.65,8
23:17:00,345,22.83,9.34,6
23:18:00,345,23.24,10.37,4
23:19:00,345,23.17,10.67,2
23:20:00,345,23.92,10.08,0
23:21:00,346,25.25,9.61,2
23:22:00,346,24.26,9.36,4
23:23:00,346,23.6,10.76,6
23:24:00,346,25.11,10.46,8
23:25:00,347,24.41,9.91,10
23:26:00,347,24.83,10.31,12
23:27:00,347,23.41,10.85,14
23:28:00,347,22.09,9.24,16
23:29:00,348,23.07,10.58,18
23:30:00,348,25.87,10.1,20
23:31:00,348,23.29,9.13,22
23:32:00,348,24.85,10.68,24
23:33:00,349,24.05,9.65,26
23:34:00,349,24.7,9.99,28
23:35:00,349,22.67,9.21,30
23:36:00,349,24.33,10.23,32
23:37:00,350,25.23,10.85,34
23:38:00,350,22.49,10.32,36
23:39:00,350,25.71,9.93,38
23:40:00,350,25.63,10.05,40
23:41:00,350,24.34,10.01,42
23:42:00,350,24.96,10.25,44
23:43:00,350,23.68,10.34,46
23:44:00,351,23.56,10.61,48
23:45:00,351,23.41,10.71,50
23:46:00,351,24.96,10.04,52
23:47:00,351,24.22,9.04,54
23:48:00,352,23.25,10.08,56
23:49:00,352,22.18,9.81,58
23:50:00,352,22.64,9.4,60
23:51:00,352,25.47,9.22,62
23:52:00,353,22.7,9.33,64
23:53:00,353,25.77,9.98,66
23:54:00,353,24.42,9.17,68
23:55:00,353,23.12,10.8,70
23:56:00,354,22.64,10.42,72
23:57:00,354,24.23,9.19,74
23:58:00,354,25.4,10.69,76
23:59:00,354,24.92,9.57,78
